{
  "hyperparameter": {
    "anzahl_neuronen_1": 136,
    "anzahl_neuronen_2": 123,
    "anzahl_neuronen_3": 51,
    "batch_size": 89,
    "learning_rate": 0.0016445845403801217
  },
  "score": 2.789428472518921
}